Product Category,Product Short Description,Product Long Description,Product ID,,,,,
iPad,iPad (A16) Cell,IPAD WF CL 128GB PNK,1,,,,,
iPad,iPad Air 11in (M3) Cell,IPAD AIR 11 WF CL 128GB PUR,2,,,,,
iPhone,iPhone 17 256GB,IPHONE 17 BLACK 256GB,3,,,,,
iPhone,iPhone 17 Pro Max 2TB,IPHONE 17 PRO MAX SILVER 2TB,4,,,,,
iPhone,iPhone 17 Pro Max 1TB,IPHONE 17 PRO MAX CORANGE 1TB,5,,,,,
iPad,iPad Mini (A17 Pro) Cell,IPAD MINI WI-FI CL 128GB STARLIGHT,6,,,,, 
AirPods,AirPods (3rd Gen) Wired,AIRPODS 3RD GN,7,,,,,
iPhone,iPhone 16e 128GB,IPHONE 16E WHT 128GB,8,,,,,
iPhone,iPhone 17 Pro 512GB,IPHONE 17 PRO CORANGE 512GB,9,,,,,
AirPods,AirPods (4th Gen) non-ANC,AIRPODS 4 ,10,,,,,
iPad,iPad (A16) Cell,IPAD WF CL 128GB YLW,11,,,,,
iPad,iPad Air 13in (M3) Cell,IPAD AIR 13 WF CL 128GB STL,12,,,,,
iPad,iPad Mini (A17 Pro) Cell,IPAD MINI WI-FI CL 128GB SPACE GRAY,13,,,,,
iPhone,iPhone Air 512GB,IPHONE AIR CLOUD WHITE 512GB,14,,,,,
iPad,iPad (A16) Cell,IPAD WF CL 256GB YLW,15,,,,,
iPad,iPad Mini (A17 Pro) Cell,IPAD MINI WI-FI CL 128GB PURP,16,,,,,
iPhone,iPhone Air 1TB,IPHONE AIR SPACE BLACK 1TB,17,,,,,
iPhone,iPhone Air 512GB,IPHONE AIR SPACE BLACK 512GB,18,,,,,
iPhone,iPhone 17 Pro 256GB,IPHONE 17 PRO DEEP BLUE 256GB,19,,,,,
iPad,iPad (A16) Cell,IPAD WF CL 256GB BLU,20,,,,,
iPad,iPad (A16) Cell,IPAD WF CL 256GB PNK,21,,,,,
iPhone,iPhone Air 512GB,IPHONE AIR LIGHT GOLD 512GB,22,,,,,
iPhone,iPhone 16e 128GB,IPHONE 16E BLK 128GB,23,,,,,
iPhone,iPhone 17 Pro Max 256GB,IPHONE 17 PRO MAX CORG 256GB,24,,,,,
iPhone,iPhone 17 512GB,IPHONE 17 LAVENDER 512GB,25,,,,,
iPhone,iPhone Air 1TB,IPHONE AIR SKY BLUE 1TB,26,,,,,
iPhone,iPhone 17 Pro 512GB,IPHONE 17 PRO DEEP BLUE 512GB,27,,,,,
iPad,iPad Air 11in (M3) Cell,IPAD AIR 11 WF CL 256GB PUR,28,,,,,
iPhone,iPhone 16e 512GB,IPHONE 16E BLK 512GB,29,,,,,
iPhone,iPhone 17 256GB,IPHONE 17 LAVENDER 256GB,30,,,,,
iPhone,iPhone 17 Pro 1TB,IPHONE 17 PRO CORANGE 1TB,31,,,,,
iPad,iPad Air 11in (M3) Cell,IPAD AIR 11 WF CL 256GB BLU,32,,,,,
iPad,iPad (A16) Cell,IPAD WF CL 256GB SLV,33,,,,,
iPhone,iPhone Air 512GB,IPHONE AIR SKY BLUE 512GB,34,,,,,
iPad,iPad Air 13in (M3) Cell,IPAD AIR 13 WF CL 256GB BLU,35,,,,,
iPad,iPad Mini (A17 Pro) Cell,IPAD MINI WI-FI CL 128GB BLUE,36,,,,,
iPhone,iPhone 17 Pro 256GB,IPHONE 17 PRO CORANGE 256GB,37,,,,,
iPad,iPad Air 11in (M3) Cell,IPAD AIR 11 WF CL 256GB SPG,38,,,,,
iPhone,iPhone 16e 512GB,IPHONE 16E WHT 512GB,39,,,,,
iPhone,iPhone 17 512GB,IPHONE 17 WHITE 512GB,40,,,,,
iPhone,iPhone Air 256GB,IPHONE AIR SKY BLUE 256GB,41,,,,,
iPhone,iPhone 17 Pro Max 512GB,IPHONE 17 PRO MAX CORG 512GB,42,,,,,
iPhone,iPhone 17 Pro Max 256GB,IPHONE 17 PRO MAX SILVER 256GB,43,,,,,
iPhone,iPhone 17 256GB,IPHONE 17 MIST BLUE 256GB,44,,,,,
iPad,iPad Pro 13in (M5) Cell,IPAD PRO 13 WF CL 512GB SLVR,45,,,,,
iPhone,iPhone 17 512GB,IPHONE 17 SAGE 512GB,46,,,,,
iPad,iPad Air 13in (M3) Cell,IPAD AIR 13 WF CL 256GB PUR,47,,,,,
iPad,iPad Air 13in (M3) Cell,IPAD AIR 13 WF CL 256GB STL,48,,,,,
iPhone,iPhone 17 Pro Max 2TB,IPHONE 17 PRO MAX DBLUE 2TB,49,,,,,
iPad,iPad Pro 11in (M5) Cell,IPAD PRO 11 WF CL 256GB SLVR,50,,,,,
iPhone,iPhone 17 256GB,IPHONE 17 SAGE 256GB,51,,,,,
iPhone,iPhone 17 Pro Max 256GB,IPHONE 17 PRO MAX DBLUE 256GB,52,,,,,
iPad,iPad Air 13in (M3) Cell,IPAD AIR 13 WF CL 128GB PUR,53,,,,,
iPhone,iPhone 17 Pro Max 1TB,IPHONE 17 PRO MAX DBLUE 1TB,54,,,,,
iPhone,iPhone 16 128GB,IPHONE 16 BLK 128GB,55,,,,,
iPhone,iPhone Air 256GB,IPHONE AIR CLOUD WHITE 256GB,56,,,,,
iPhone,iPhone 16e 256GB,IPHONE 16E BLK 256GB,57,,,,,
iPad,iPad Pro 11in (M5) Cell,IPAD PRO 11 WF CL 512GB SLVR,58,,,,,
iPhone,iPhone 17 Pro 256GB,IPHONE 17 PRO SILVER 256GB,59,,,,,
iPhone,iPhone 17 Pro Max 512GB,IPHONE 17 PRO MAX DBLUE 512GB,60,,,,,
iPad,iPad (A16) Cell,IPAD WF CL 128GB SLV,61,,,,,
iPad,iPad Air 11in (M3) Cell,IPAD AIR 11 WF CL 128GB SPG,62,,,,,
iPad,iPad Air 11in (M3) Cell,IPAD AIR 11 WF CL 256GB STL,63,,,,,
iPhone,iPhone 17 512GB,IPHONE 17 BLACK 512GB,64,,,,,
AirPods,AirPods (4th Gen) ANC,AIRPODS 4 (ANC),65,,,,,
AirPods,AirPods Pro (2nd Gen),"AIRPODS PRO,GEN 2C",66,,,,,
iPhone,iPhone 17 Pro 1TB,IPHONE 17 PRO SILVER 1TB,67,,,,,
iPhone,iPhone Air 1TB,IPHONE AIR LIGHT GOLD 1TB,68,,,,,
iPhone,iPhone Air 1TB,IPHONE AIR CLOUD WHITE 1TB,69,,,,,
iPhone,iPhone 16e 256GB,IPHONE 16E WHT 256GB,70,,,,,
iPhone,iPhone 17 256GB,IPHONE 17 WHITE 256GB,71,,,,,
iPad,iPad Pro 11in (M5) Cell,IPAD PRO 11 WF CL 512GB SBLK,72,,,,,
iPhone,iPhone Air 256GB,IPHONE AIR SPACE BLACK 256GB,73,,,,,
iPad,iPad Air 13in (M3) Cell,IPAD AIR 13 WF CL 128GB SPG,74,,,,,
iPad,iPad Pro 13in (M5) Cell,IPAD PRO 13 WF CL 512GB SBLK,75,,,,,
iPhone,iPhone 17 Pro Max 1TB,IPHONE 17 PRO MAX SILVER 1TB,76,,,,,
iPhone,iPhone 17 512GB,IPHONE 17 MIST BLUE 512GB,77,,,,,
iPad,iPad Pro 13in (M5) Cell,IPAD PRO 13 WF CL 256GB SBLK,78,,,,,
iPad,iPad Air 13in (M3) Cell,IPAD AIR 13 WF CL 128GB BLU,79,,,,,
iPad,iPad Air 11in (M3) Cell,IPAD AIR 11 WF CL 128GB BLU,80,,,,,
iPhone,iPhone 17 Pro Max 2TB,IPHONE 17 PRO MAX CORANGE 2TB,81,,,,,
iPad,iPad Air 11in (M3) Cell,IPAD AIR 11 WF CL 128GB STL,82,,,,,
iPhone,iPhone 17 Pro 1TB,IPHONE 17 PRO DEEP BLUE 1TB,83,,,,,
iPad,iPad Pro 11in (M5) Cell,IPAD PRO 11 WF CL 256GB SBLK,84,,,,,
iPad,iPad Pro 13in (M5) Cell,IPAD PRO 13 WF CL 256GB SLVR,85,,,,,
iPhone,iPhone 17 Pro 512GB,IPHONE 17 PRO SILVER 512GB,86,,,,,
iPad,iPad (A16) Cell,IPAD WF CL 128GB BLU,87,,,,,
iPad,iPad Air 13in (M3) Cell,IPAD AIR 13 WF CL 256GB SPG,88,,,,,
iPhone,iPhone Air 256GB,IPHONE AIR LIGHT GOLD 256GB,89,,,,,
AirPods,AirPods Pro (3rd Gen),AIRPODS PRO 3,90,,,,,
iPhone,iPhone 17 Pro Max 512GB,IPHONE 17 PRO MAX SILVER 512GB,91,,,,,
iPhone,iPhone 15 Pro 512GB,IPHONE 15 PRO BLACK 512GB,92,,,,,
iPhone,iPhone 15 Pro 512GB,IPHONE 15 PRO WHITE 512GB,93,,,,,
iPhone,iPhone 15 Pro 512GB,IPHONE 15 PRO NATURAL 512GB,94,,,,,
iPhone,iPhone 15 Pro 512GB,IPHONE 15 PRO BLUE 512GB,95,,,,,
iPhone,iPhone 15 Pro 1TB,IPHONE 15 PRO BLUE 1TB,96,,,,,
iPhone,iPhone 15 Pro 128GB,IPHONE 15 PRO BLUE 128GB,97,,,,,
iPhone,iPhone 15 Pro 256GB,IPHONE 15 PRO NATURAL 256GB,98,,,,,
iPhone,iPhone 15 Pro 1TB,IPHONE 15 PRO BLACK 1TB,99,,,,,
iPhone,iPhone 15 Pro 128GB,IPHONE 15 PRO WHITE 128GB,100,,,,,
iPhone,iPhone 15 Pro 256GB,IPHONE 15 PRO BLUE 256GB,101,,,,,
iPhone,iPhone 15 Pro 128GB,IPHONE 15 PRO BLACK 128GB,102,,,,,
iPhone,iPhone 15 Pro 256GB,IPHONE 15 PRO WHITE 256GB,103,,,,,
iPhone,iPhone 15 Pro 256GB,IPHONE 15 PRO BLACK 256GB,104,,,,,
iPhone,iPhone 15 Pro Max 512GB,IPHONE 15 PRO MAX BLUE 512GB,105,,,,,
iPhone,iPhone 16 512GB,IPHONE 16 BLK 512GB,106,,,,,
iPhone,iPhone 16 256GB,IPHONE 16 UMR 256GB,107,,,,,
iPhone,iPhone 15 Pro 1TB,IPHONE 15 PRO NATURAL 1TB,108,,,,,
iPhone,iPhone 16 128GB,IPHONE 16 PNK 128GB,109,,,,,
iPhone,iPhone 15 Pro Max 512GB,IPHONE 15 PRO MAX NAT 512GB,110,,,,,
iPhone,iPhone 16 512GB,IPHONE 16 PNK 512GB,111,,,,,
iPhone,iPhone 15 Pro Max 1TB,IPHONE 15 PRO MAX NATURAL 1TB,112,,,,,
iPhone,iPhone 16 512GB,IPHONE 16 WHT 512GB,113,,,,,
iPhone,iPhone 16 128GB,IPHONE 16 TL 128GB,114,,,,,
iPhone,iPhone 16 256GB,IPHONE 16 BLK 256GB,115,,,,,
iPhone,iPhone 15 Pro 128GB,IPHONE 15 PRO NATURAL 128GB,116,,,,,
iPhone,iPhone 15 Pro Max 512GB,IPHONE 15 PRO MAX WHITE 512GB,117,,,,,
iPhone,iPhone 15 Pro Max 1TB,IPHONE 15 PRO MAX BLACK 1TB,118,,,,,
iPhone,iPhone 15 Pro Max 1TB,IPHONE 15 PRO MAX WHITE 1TB,119,,,,,
iPhone,iPhone 15 Pro Max 256GB,IPHONE 15 PRO MAX WHITE 256GB,120,,,,,
iPhone,iPhone 15 Pro Max 256GB,IPHONE 15 PRO MAX BLACK 256GB,121,,,,,
iPhone,iPhone 16 256GB,IPHONE 16 WHT 256GB,122,,,,,
iPhone,iPhone 16 256GB,IPHONE 16 TL 256GB,123,,,,,
iPhone,iPhone 16 512GB,IPHONE 16 TL 512GB,124,,,,,
iPhone,iPhone 15 Pro Max 512GB,IPHONE 15 PRO MAX BLACK 512GB,125,,,,,
iPhone,iPhone 16 128GB,IPHONE 16 WHT 128GB,126,,,,,
iPhone,iPhone 16 128GB,IPHONE 16 UMR 128GB,127,,,,,
iPhone,iPhone 15 Pro 1TB,IPHONE 15 PRO WHITE 1TB,128,,,,,
iPhone,iPhone 16 256GB,IPHONE 16 PNK 256GB,129,,,,,
iPad,iPad Pro 13in (M4) Cell,IPAD PRO 13 WF CL 512GB SP BLK,130,,,,,
iPad,iPad Pro 11in (M4) Cell,IPAD PRO 11 WF CL 256GB SILVER,131,,,,,
iPhone,iPhone 16 512GB,IPHONE 16 UMR 512GB,132,,,,,
iPhone,iPhone 15 Pro Max 256GB,IPHONE 15 PRO MAX NAT 256GB,133,,,,,
iPad,iPad Pro 13in (M4) Cell,IPAD PRO 13 WF CL 256GB SP BLK,134,,,,,
iPhone,iPhone 15 Pro Max 1TB,IPHONE 15 PRO MAX BLUE 1TB,135,,,,,
iPad,iPad Pro 13in (M4) Cell,IPAD PRO 13 WF CL 512GB SILVER,136,,,,,
iPad,iPad Pro 11in (M4) Cell,IPAD PRO 11 WF CL 512GB SILVER,137,,,,,
iPhone,iPhone 15 Pro Max 256GB,IPHONE 15 PRO MAX BLUE 256GB,138,,,,,
iPad,iPad Pro 11in (M4) Cell,IPAD PRO 11 WF CL 512GB SP BLK,139,,,,,
iPad,iPad Pro 11in (M4) Cell,IPAD PRO 11 WF CL 256GB SP BLK,140,,,,,
iPad,iPad Pro 13in (M4) Cell,IPAD PRO 13 WF CL 256GB SILVER,141,,,,,
iPad,iPad Air 11in (M3) WiFi,IPAD AIR 11 WIFI 512GB STL,142,,,,,
iPad,iPad Pro 11in (M5) WiFi,IPAD PRO 11 WIFI 512GB SLVR,143,,,,,
iPad,iPad Air 13in (M3) WiFi,IPAD AIR 13 WIFI 256GB STL,144,,,,,
iPad,iPad (A16) WiFi,IPAD WIFI 128GB PNK,145,,,,,
iPhone,iPhone 13 128GB,IPHONE 13 STARLIGHT 128GB,146,,,,,
iPad,iPad Air 11in (M3) WiFi,IPAD AIR 11 WIFI 512GB SPG,147,,,,,
AirPods,AirPods Max,AIRPODS MAX (USB-C) MIDNIGHT,148,,,,,
AirPods,AirPods Max,AIRPODS MAX (USB-C) PURPLE,149,,,,,
iPad,iPad Mini (A17 Pro) WiFi,IPAD MINI WI-FI 128GB STARLIGHT,150,,,,,
iPad,iPad Pro 13in (M4) WiFi,IPAD PRO 13 WIFI 512GB SP BLK,151,,,,,
iPad,iPad (A16) Cell,IPAD WF CL 512GB PNK,152,,,,,
iPad,iPad Mini (A17 Pro) Cell,IPAD MINI WI-FI CL 256GB STARLIGHT,153,,,,,
iPad,iPad (A16) WiFi,IPAD WIFI 512GB PNK,154,,,,,
iPad,iPad Air 13in (M2) WiFi,IPAD AIR 13 WIFI 1TB STL,155,,,,,
iPad,iPad Air 13in (M3) WiFi,IPAD AIR 13 WIFI 128GB PUR,156,,,,,
iPad,iPad Air 13in (M2) Cell,IPAD AIR 13 WF CL 1TB BLU,157,,,,,
iPad,iPad (A16) WiFi,IPAD WIFI 128GB SLV,158,,,,,
iPad,iPad Air 13in (M3) WiFi,IPAD AIR 13 WIFI 512GB STL,159,,,,,
iPad,iPad Air 11in (M2) Cell,IPAD AIR 11 WF CL 1TB PUR,160,,,,,
iPad,iPad Air 11in (M3) WiFi,IPAD AIR 11 WIFI 128GB SPG,161,,,,,
iPhone,iPhone 16 Pro 128GB,IPHONE 16 PRO BLACK 128GB,162,,,,,
iPad,iPad Mini (A17 Pro) Cell,IPAD MINI WI-FI CL 256GB PURP,163,,,,,
iPhone,iPhone 16 Pro 512GB,IPHONE 16 PRO WHITE 512GB,164,,,,,
AirPods,AirPods (4th Gen) non-ANC,AIRPODS 4,165,,,,,
iPhone,iPhone 16 Pro 512GB,IPHONE 16 PRO DESERT 512GB,166,,,,,
iPad,iPad Air 13in (M3) WiFi,IPAD AIR 13 WIFI 256GB SPG,167,,,,,
iPad,iPad Air 13in (M2) Cell,IPAD AIR 13 WF CL 512GB STL,168,,,,,
iPad,iPad Mini (A17 Pro) WiFi,IPAD MINI WI-FI 512GB PURPLE,169,,,,,
iPad,iPad (A16) WiFi,IPAD WIFI 256GB SLV,170,,,,,
iPad,iPad Air 13in (M3) WiFi,IPAD AIR 13 WIFI 256GB BLU,171,,,,,
iPad,iPad Air 11in (M2) WiFi,IPAD AIR 11 WIFI 512GB STARLIGHT,172,,,,,
iPad,iPad Pro 13in (M4) Cell,IPAD PRO 13 WF CL 1TB SP BLK,173,,,,,
iPad,iPad Pro 13in (M4) Cell,IPAD PRO 13 WF CL 1TB SILVER,174,,,,,
iPhone,iPhone 16 Pro 256GB,IPHONE 16 PRO WHITE 256GB,175,,,,,
iPad,iPad Air 11in (M3) WiFi,IPAD AIR 11 WIFI 256GB STL,176,,,,,
iPad,iPad (A16) WiFi,IPAD WIFI 256GB BLU,177,,,,,
iPad,iPad Pro 13in (M4) WiFi,IPAD PRO 13 WIFI 256GB SP BLK,178,,,,,
iPad,iPad Mini (A17 Pro) Cell,IPAD MINI WI-FI CL 512GB SPACE GRAY,179,,,,,
iPhone,iPhone 16 Pro 256GB,IPHONE 16 PRO BLACK 256GB,180,,,,,
iPhone,iPhone 15 128GB,IPHONE 15 BLUE 128GB,181,,,,,
iPhone,iPhone 16 Plus 128GB,IPHONE 16 PLUS TL 128GB,182,,,,,
iPad,iPad Pro 11in (4th Gen) WiFi,IPAD PRO 11 WIFI 2TB SPACE GRAY,183,,,,,
iPad,iPad (10th Gen) WiFi,IPAD WI-FI 256GB SILVER,184,,,,,
iPad,iPad (A16) Cell,IPAD WF CL 512GB BLU,185,,,,,
iPad,iPad Air 13in (M3) WiFi,IPAD AIR 13 WIFI 128GB BLU,186,,,,,
iPad,iPad Air 13in (M3) WiFi,IPAD AIR 13 WIFI 128GB SPG,187,,,,,
iPad,iPad Air 11in (M2) Cell,IPAD AIR 11 WF CL 1TB STL,188,,,,,
iPad,iPad Pro 13in (M4) WiFi,IPAD PRO 13 WIFI 1TB SP BLK NT,189,,,,,
iPad,iPad Air 13in (M3) WiFi,IPAD AIR 13 WIFI 512GB BLU,190,,,,,
iPad,iPad Mini (A17 Pro) WiFi,IPAD MINI WI-FI 128GB PURPLE,191,,,,,
iPad,iPad (A16) WiFi,IPAD WIFI 512GB YLW,192,,,,,
iPhone,iPhone 16 Plus 256GB,IPHONE 16 PLUS WHT 256GB,193,,,,,
iPad,iPad Air 11in (M3) WiFi,IPAD AIR 11 WIFI 128GB BLU,194,,,,,
iPad,iPad (A16) WiFi,IPAD WIFI 512GB SLV,195,,,,,
iPhone,iPhone 16 Pro 128GB,IPHONE 16 PRO DESERT 128GB,196,,,,,
iPad,iPad Air 13in (M3) Cell,IPAD AIR 13 WF CL 512GB PUR,197,,,,,
iPad,iPad (A16) WiFi,IPAD WIFI 128GB BLU,198,,,,,
iPad,iPad Pro 11in (4th Gen) WiFi,IPAD PRO 11 WIFI 2TB SILVER,199,,,,,
iPhone,iPhone 16 Plus 128GB,IPHONE 16 PLUS BLK 128GB,200,,,,,
iPad,iPad Mini (A17 Pro) WiFi,IPAD MINI WI-FI 512GB STARLIGHT,201,,,,,
iPad,iPad Air 13in (M3) Cell,IPAD AIR 13 WF CL 512GB BLU,202,,,,,
iPad,iPad Air 11in (M3) WiFi,IPAD AIR 11 WIFI 256GB SPG,203,,,,,
iPad,iPad Mini (A17 Pro) WiFi,IPAD MINI WI-FI 256GB BLUE,204,,,,,
iPad,iPad Mini (A17 Pro) WiFi,IPAD MINI WI-FI 256GB SPACE GRAY,205,,,,,
iPhone,iPhone 16 Pro 256GB,IPHONE 16 PRO NATURAL 256GB,206,,,,,
iPad,iPad Air 11in (M3) WiFi,IPAD AIR 11 WIFI 512GB PUR,207,,,,,
iPhone,iPhone 15 128GB,IPHONE 15 PINK 128GB,208,,,,,
iPad,iPad Mini (6th Gen) Cell,IPAD MINI WF CL 256GB SPG,209,,,,,
iPad,iPad Pro 11in (4th Gen) WiFi,IPAD PRO 11 WIFI 1TB SPACE GRAY,210,,,,,
iPhone,iPhone 15 256GB,IPHONE 15 BLACK 256GB,211,,,,,
iPhone,iPhone 16 Pro 128GB,IPHONE 16 PRO WHITE 128GB,212,,,,,
iPad,iPad Mini (A17 Pro) Cell,IPAD MINI WI-FI CL 512GB STRLT,213,,,,,
iPad,iPad Mini (A17 Pro) WiFi,IPAD MINI WI-FI 512GB SPACE GRAY,214,,,,,
iPhone,iPhone 16 Pro 256GB,IPHONE 16 PRO DESERT 256GB,215,,,,,
iPad,iPad Air 11in (M3) Cell,IPAD AIR 11 WF CL 512GB BLU,216,,,,,
iPad,iPad Mini (A17 Pro) WiFi,IPAD MINI WI-FI 256GB STARLIGHT,217,,,,,
iPad,iPad Air 11in (M3) Cell,IPAD AIR 11 WF CL 512GB SPG,218,,,,,
iPhone,iPhone 15 128GB,IPHONE 15 BLACK 128GB,219,,,,,
iPad,iPad Mini (A17 Pro) WiFi,IPAD MINI WI-FI 512GB BLUE,220,,,,,
iPad,iPad Air 11in (M3) WiFi,IPAD AIR 11 WIFI 256GB PUR,221,,,,,
AirPods,AirPods Max,AIRPODS MAX (USB-C) ORANGE,222,,,,,
iPad,iPad Air 11in (M3) Cell,IPAD AIR 11 WF CL 512GB PUR,223,,,,,
iPad,iPad Pro 11in (4th Gen) J619 Cell,IPAD PRO 11 WF CL 2T SLV,224,,,,,
iPad,iPad Air 11in (M3) WiFi,IPAD AIR 11 WIFI 128GB STL,225,,,,,
iPhone,iPhone 16 Pro 512GB,IPHONE 16 PRO BLACK 512GB,226,,,,,
iPhone,iPhone 16 Pro 128GB,IPHONE 16 PRO NATURAL 128GB,227,,,,,
iPad,iPad Mini (A17 Pro) Cell,IPAD MINI WI-FI CELLULAR 256GB BLUE,228,,,,,
iPad,iPad Air 13in (M3) WiFi,IPAD AIR 13 WIFI 128GB STL,229,,,,,
iPad,iPad Mini (A17 Pro) Cell,IPAD MINI WI-FI CL 512GB PURP,230,,,,,
iPad,iPad Pro 13in (M4) WiFi,IPAD PRO 13 WIFI 1TB SILVER,231,,,,,
iPad,iPad (A16) Cell,IPAD WF CL 512GB SLV,232,,,,,
iPad,iPad Mini (A17 Pro) WiFi,IPAD MINI WI-FI 128GB SPACE GRAY,233,,,,,
iPad,iPad (A16) WiFi,IPAD WIFI 128GB YLW,234,,,,,
iPad,iPad Air 13in (M2) WiFi,IPAD AIR 13 WIFI 1TB SPG,235,,,,,
iPad,iPad Air 11in (M2) Cell,IPAD AIR 11 WF CL 1TB BLU,236,,,,,
iPad,iPad Mini (A17 Pro) Cell,IPAD MINI WI-FI CL 512GB BLUE,237,,,,,
iPad,iPad Air 11in (M3) WiFi,IPAD AIR 11 WIFI 128GB PUR,238,,,,,
iPhone,iPhone 15 256GB,IPHONE 15 GREEN 256GB,239,,,,,
iPad,iPad Pro 11in (M4) WiFi,IPAD PRO 11 WIFI 512GB SP BLK,240,,,,,
iPad,iPad Air 11in (M3) WiFi,IPAD AIR 11 WIFI 512GB BLU,241,,,,,
iPad,iPad Mini (A17 Pro) WiFi,IPAD MINI WI-FI 256GB PURPLE,242,,,,,
iPad,iPad (A16) WiFi,IPAD WIFI 512GB BLU,243,,,,,
iPad,iPad Pro 11in (M4) WiFi,IPAD PRO 11 WIFI 2TB SILVER NT,244,,,,,
iPad,iPad (A16) Cell,IPAD WF CL 512GB YLW,245,,,,,
iPhone,iPhone 15 256GB,IPHONE 15 YELLOW 256GB,246,,,,,
iPad,iPad Air 13in (M2) Cell,IPAD AIR 13 WF CL 512GB BLU,247,,,,,
iPad,iPad Air 13in (M2) Cell,IPAD AIR 13 WF CL 512GB PUR,248,,,,,
iPad,iPad Mini (A17 Pro) WiFi,IPAD MINI WI-FI 128GB BLUE,249,,,,,
iPad,iPad (A16) WiFi,IPAD WIFI 256GB YLW,250,,,,,
AirPods,AirPods Max,AIRPODS MAX (USB-C) STARLIGHT,251,,,,,
iPad,iPad Pro 13in (M4) WiFi,IPAD PRO 13 WIFI 256GB SILVER,252,,,,,
iPad,iPad Air 13in (M3) WiFi,IPAD AIR 13 WIFI 256GB PUR,253,,,,,
iPad,iPad (A16) WiFi,IPAD WIFI 256GB PNK,254,,,,,
iPad,iPad Air 11in (M3) Cell,IPAD AIR 11 WF CL 512GB STL,255,,,,,
iPhone,iPhone 13 128GB,IPHONE 13 MIDNIGHT 128GB,256,,,,,
iPad,iPad Air 13in (M3) Cell,IPAD AIR 13 WF CL 512GB SPG,257,,,,,
iPad,iPad Air 13in (M3) WiFi,IPAD AIR 13 WIFI 512GB SPG,258,,,,,
iPad,iPad Pro 11in (4th Gen) WiFi,IPAD PRO 11 WIFI 1TB SILVER,259,,,,,
iPad,iPad Air 11in (M3) WiFi,IPAD AIR 11 WIFI 256GB BLU,260,,,,,
iPad,iPad Pro 11in (M4) WiFi,IPAD PRO 11 WIFI 256GB SILVER,261,,,,,
iPad,iPad Air 11in (M2) WiFi,IPAD AIR 11 WIFI 512GB PURPLE,262,,,,,
AirPods,AirPods Max,AIRPODS MAX (USB-C) BLUE,263,,,,,
iPad,iPad Air 13in (M2) Cell,IPAD AIR 13 WF CL 1TB STL,264,,,,,
iPad,iPad Air 11in (M2) WiFi,IPAD AIR 11 WIFI 256GB BLUE,265,,,,,
iPad,iPad Mini (6th Gen) Cell,IPAD MINI WF CL 256GB PNK,266,,,,,
iPad,iPad Pro 13in (6th Gen) WiFi,IPAD PRO 12.9 WIFI 2TB SILVER,267,,,,,
iPad,iPad Air 13in (M2) Cell,IPAD AIR 13 WF CL 1TB SPG,268,,,,,
iPad,iPad Air 11in (M2) WiFi,IPAD AIR 11 WIFI 512GB BLUE,269,,,,,
iPad,iPad Pro 11in (M5) WiFi,IPAD PRO 11 WIFI 256GB SBLK,270,,,,,
iPad,iPad Pro 13in (M5) WiFi,IPAD PRO 13 WIFI 256GB SBLK,271,,,,,
iPad,iPad Pro 13in (M5) WiFi,IPAD PRO 13 WIFI 512GB SLVR,272,,,,,
iPad,iPad Pro 13in (M5) WiFi,IPAD PRO 13 WIFI 1TB SBLK,273,,,,,
iPad,iPad Pro 11in (M5) WiFi,IPAD PRO 11 WIFI 256GB SLVR,274,,,,,
iPhone,iPhone 15 256GB,IPHONE 15 PINK 256GB,275,,,,,
iPad,iPad Pro 13in (M5) WiFi,IPAD PRO 13 WIFI 512GB SBLK,276,,,,,
iPad,iPad Pro 13in (M5) WiFi,IPAD PRO 13 WIFI 2TB SBLK,277,,,,,
iPad,iPad Pro 11in (M5) WiFi,IPAD PRO 11 WIFI 512GB SBLK,278,,,,,
iPhone,iPhone 16 Pro Max 256GB,IPHONE 16 PRO MAX NATURAL 256GB,279,,,,,
iPhone,iPhone 15 256GB,IPHONE 15 BLUE 256GB,280,,,,,
iPad,iPad Pro 13in (M5) Cell,IPAD PRO 13 WF CL 1TB SBLK,281,,,,,
iPad,iPad Pro 13in (M5) WiFi,IPAD PRO 13 WIFI 256GB SLVR,282,,,,,